DateTime,Final Fantasy XIV Player Count,Path of Exile Player Count,Elder Scroll Online Player Count
5/1/2015,5378,7639,2527
5/2/2015,6053,9259,3025
5/3/2015,6605,8717,3231
5/4/2015,6175,7930,2848
5/5/2015,5355,7120,2405
5/6/2015,5173,6731,2225
5/7/2015,5215,6614,2316
5/8/2015,5257,9572,2463
5/9/2015,6008,9714,2955
5/10/2015,6255,9817,2999
5/11/2015,5742,8254,2658
5/12/2015,5536,7863,2379
5/13/2015,5480,7629,2342
5/14/2015,5608,7444,2367
5/15/2015,5503,7634,2394
5/16/2015,6262,8401,2785
5/17/2015,6675,8644,2963
5/18/2015,6215,7406,2587
5/19/2015,5273,7007,2158
5/20/2015,5138,6694,2161
5/21/2015,5012,6721,2080
5/22/2015,4995,7016,2232
5/23/2015,5599,7555,2591
5/24/2015,6259,7947,2756
5/25/2015,6331,7619,2769
5/26/2015,5975,6674,2430
5/27/2015,5375,6417,2108
5/28/2015,5261,6112,2007
5/29/2015,5351,6176,2152
5/30/2015,6223,7021,2520
5/31/2015,6694,7709,2915
6/1/2015,6299,6515,2575
6/2/2015,5541,5950,2382
6/3/2015,5668,5504,2298
6/4/2015,5750,5575,2363
6/5/2015,5722,5633,2329
6/6/2015,6376,6132,2779
6/7/2015,6964,6729,3065
6/8/2015,6490,5893,2789
6/9/2015,5905,5782,2762
6/10/2015,5866,5591,2612
6/11/2015,5734,5384,2575
6/12/2015,5613,5125,2685
6/13/2015,6429,5563,3118
6/14/2015,6953,5904,3351
6/15/2015,6502,5149,3098
6/16/2015,5927,5253,3001
6/17/2015,6318,5154,2852
6/18/2015,6041,5182,2817
6/19/2015,10838,5667,2744
6/20/2015,10967,5992,3076
6/21/2015,11325,6144,3290
6/22/2015,10490,5406,2861
6/23/2015,10598,5297,2750
6/24/2015,10336,5219,2719
6/25/2015,10041,5242,2555
6/26/2015,9887,4966,2597
6/27/2015,10997,5511,3097
6/28/2015,11945,6071,3360
6/29/2015,11415,5321,3301
6/30/2015,9801,4908,3345
7/1/2015,9495,4973,3091
7/2/2015,9280,4819,3005
7/3/2015,9808,4932,3154
7/4/2015,9932,4864,3079
7/5/2015,11131,5587,3540
7/6/2015,10723,5000,3228
7/7/2015,10076,5354,3051
7/8/2015,9791,5308,3003
7/9/2015,9354,5277,2887
7/10/2015,9075,28024,2875
7/11/2015,10074,28916,3114
7/12/2015,11069,32297,3588
7/13/2015,10580,29644,3304
7/14/2015,9202,28567,2947
7/15/2015,9027,27086,2742
7/16/2015,8670,26026,2727
7/17/2015,8481,25507,2715
7/18/2015,9534,27113,3214
7/19/2015,10492,28861,3480
7/20/2015,9665,26445,3163
7/21/2015,9271,24675,2812
7/22/2015,8984,23436,2649
7/23/2015,8794,23743,2641
7/24/2015,8509,22608,3479
7/25/2015,9621,24701,4658
7/26/2015,10404,26639,5959
7/27/2015,9915,23898,5681
7/28/2015,9015,22119,5669
7/29/2015,8561,20573,5201
7/30/2015,8169,20572,4700
7/31/2015,7937,19886,4308
8/1/2015,8946,21207,4621
8/2/2015,9941,23220,5036
8/3/2015,9343,20769,4541
8/4/2015,8809,19619,3872
8/5/2015,8448,18172,3645
8/6/2015,8005,17610,3394
8/7/2015,7865,16862,3362
8/8/2015,8701,18280,3690
8/9/2015,9667,19789,3990
8/10/2015,9018,17952,3575
8/11/2015,8032,16695,3208
8/12/2015,7783,16080,2957
8/13/2015,7689,15593,2789
8/14/2015,7406,14915,2800
8/15/2015,8756,16531,3271
8/16/2015,9430,17559,3545
8/17/2015,8909,15389,3086
8/18/2015,7823,14691,2772
8/19/2015,7544,14018,2643
8/20/2015,7235,13361,2530
8/21/2015,7183,13155,2490
8/22/2015,8393,14576,2834
8/23/2015,8837,15293,3086
8/24/2015,8264,13740,2716
8/25/2015,7596,12265,2436
8/26/2015,7230,11347,2340
8/27/2015,7124,11100,2215
8/28/2015,6985,10252,2242
8/29/2015,7853,10874,2632
8/30/2015,8382,11310,2853
8/31/2015,7764,10092,2816
9/1/2015,6473,8713,3226
9/2/2015,6247,8459,3195
9/3/2015,6198,8878,3574
9/4/2015,6183,8998,3952
9/5/2015,7138,9930,4530
9/6/2015,7572,10490,4698
9/7/2015,7837,10759,4555
9/8/2015,7176,9505,3973
9/9/2015,5895,7876,3142
9/10/2015,5832,7854,2927
9/11/2015,5892,7887,3010
9/12/2015,7066,9199,3464
9/13/2015,7392,9747,3707
9/14/2015,6744,8404,3173
9/15/2015,5889,7534,2723
9/16/2015,5739,7197,2677
9/17/2015,5711,7041,2559
9/18/2015,5756,7082,2594
9/19/2015,6792,8297,3145
9/20/2015,7260,8673,3271
9/21/2015,6586,7207,2824
9/22/2015,5836,6775,2758
9/23/2015,5728,6605,2521
9/24/2015,5632,6501,2365
9/25/2015,5639,6295,2388
9/26/2015,6629,7448,2902
9/27/2015,7204,7652,3002
9/28/2015,6529,6664,2566
9/29/2015,5649,5965,2210
9/30/2015,5462,5558,2130
10/1/2015,5319,5348,2123
10/2/2015,5549,11504,1801
10/3/2015,6575,11513,2717
10/4/2015,6814,11822,2826
10/5/2015,6135,10204,2480
10/6/2015,5656,9309,2396
10/7/2015,5505,9135,2269
10/8/2015,5244,8679,1992
10/9/2015,5326,9426,2199
10/10/2015,6218,10307,2711
10/11/2015,6746,10621,2793
10/12/2015,6052,9619,2473
10/13/2015,5553,8347,2168
10/14/2015,5215,8108,2052
10/15/2015,5206,7697,1938
10/16/2015,5272,7911,2008
10/17/2015,6037,8819,2450
10/18/2015,6648,9186,2279
10/19/2015,5891,7952,2071
10/20/2015,5472,7368,1907
10/21/2015,5323,6931,1872
10/22/2015,5700,6880,1801
10/23/2015,5580,7099,1945
10/24/2015,6501,8000,2450
10/25/2015,7277,8358,2572
10/26/2015,6646,7010,2115
10/27/2015,5886,6629,1946
10/28/2015,5781,6404,1753
10/29/2015,5579,6095,1937
10/30/2015,5601,5883,1930
10/31/2015,6138,6196,2138
11/1/2015,6740,6926,2340
11/2/2015,6199,10088,2590
11/3/2015,5668,8476,2363
11/4/2015,5479,8195,2112
11/5/2015,5473,7920,2066
11/6/2015,5553,8076,2174
11/7/2015,6487,9086,2492
11/8/2015,6250,9392,2584
11/9/2015,3106,7883,2274
11/10/2015,5748,6535,1812
11/11/2015,6441,6445,1737
11/12/2015,6066,6007,1550
11/13/2015,5828,5855,1601
11/14/2015,6768,6848,1917
11/15/2015,7086,7260,2003
11/16/2015,6455,5925,1676
11/17/2015,5364,5695,1565
11/18/2015,5511,5490,1452
11/19/2015,5440,5539,1396
11/20/2015,5637,5757,1539
11/21/2015,6380,7001,1868
11/22/2015,6795,7459,1966
11/23/2015,6060,6284,1632
11/24/2015,5615,6182,1530
11/25/2015,5608,6260,1593
11/26/2015,5308,6014,2102
11/27/2015,5783,6307,2984
11/28/2015,6021,6501,3769
11/29/2015,6403,6831,4462
11/30/2015,5871,5722,3904
12/1/2015,5492,5402,4098
12/2/2015,5419,5295,3926
12/3/2015,5309,5258,3552
12/4/2015,5418,5343,4205
12/5/2015,6194,6072,5898
12/6/2015,6638,6454,6185
12/7/2015,5998,5481,5200
12/8/2015,5492,5235,4395
12/9/2015,5215,4963,3855
12/10/2015,5048,5012,3704
12/11/2015,5231,21455,3709
12/12/2015,6104,21821,4282
12/13/2015,6488,22393,4414
12/14/2015,5862,19825,3694
12/15/2015,5486,18931,3119
12/16/2015,5134,17865,2960
12/17/2015,5324,17800,2816
12/18/2015,5518,17841,2879
12/19/2015,6205,19434,3230
12/20/2015,6622,20537,3465
12/21/2015,6255,18995,3030
12/22/2015,5851,18213,2891
12/23/2015,5706,17409,3879
12/24/2015,5533,16863,4027
12/25/2015,5346,15549,4673
12/26/2015,6053,16984,5662
12/27/2015,6600,18123,6840
12/28/2015,6386,17844,7015
12/29/2015,6340,17471,7224
12/30/2015,6357,17419,7262
12/31/2015,6297,17106,6875
1/1/2016,6964,18364,8103
1/2/2016,7080,18807,8315
1/3/2016,7314,18376,8525
1/4/2016,6856,17014,7800
1/5/2016,6203,15979,6996
1/6/2016,6140,15664,6697
1/7/2016,6046,15616,6183
1/8/2016,6298,16022,6102
1/9/2016,7114,18135,7033
1/10/2016,7551,18202,7085
1/11/2016,6940,16005,5975
1/12/2016,6196,14906,5179
1/13/2016,5869,14159,4541
1/14/2016,5788,13858,4523
1/15/2016,5819,13027,4577
1/16/2016,6653,13911,5469
1/17/2016,7029,14374,5664
1/18/2016,6452,12873,4760
1/19/2016,5885,11318,4086
1/20/2016,5400,10643,3780
1/21/2016,5433,10402,3657
1/22/2016,6566,11068,4024
1/23/2016,8528,12471,4810
1/24/2016,9321,12501,4869
1/25/2016,8486,10806,3978
1/26/2016,7494,9996,3533
1/27/2016,6965,9609,3379
1/28/2016,6764,9591,3179
1/29/2016,6655,10222,3391
1/30/2016,7979,11176,4035
1/31/2016,8549,11697,4355
2/1/2016,7727,9999,3637
2/2/2016,6827,9357,3111
2/3/2016,6616,9216,2928
2/4/2016,6507,8969,2966
2/5/2016,6555,9437,3117
2/6/2016,7607,10215,4101
2/7/2016,7972,10218,4444
2/8/2016,7007,8764,3714
2/9/2016,6216,8295,3598
2/10/2016,5926,8034,3319
2/11/2016,5810,7677,3476
2/12/2016,6427,7959,3876
2/13/2016,7415,9032,4502
2/14/2016,7727,9419,4470
2/15/2016,7027,8341,3916
2/16/2016,6490,7629,3392
2/17/2016,6306,7315,3106
2/18/2016,6096,7180,2967
2/19/2016,6283,7446,3142
2/20/2016,7270,8555,3688
2/21/2016,7828,8981,3977
2/22/2016,7079,7677,3187
2/23/2016,6737,7379,2796
2/24/2016,7855,7026,2824
2/25/2016,7808,7370,2692
2/26/2016,8064,7908,2859
2/27/2016,9187,9242,3416
2/28/2016,9568,9482,3499
2/29/2016,8682,8026,2955
3/1/2016,7745,6947,2577
3/2/2016,7524,6838,2458
3/3/2016,7244,6966,2433
3/4/2016,7326,36997,2579
3/5/2016,8519,35725,3106
3/6/2016,9077,36964,3264
3/7/2016,8187,32238,3507
3/8/2016,7024,27479,3382
3/9/2016,6697,26563,3366
3/10/2016,6655,26199,3276
3/11/2016,6777,26853,3483
3/12/2016,7750,30194,4406
3/13/2016,8367,31946,4880
3/14/2016,7586,27029,4059
3/15/2016,7149,25379,3624
3/16/2016,6933,24466,3406
3/17/2016,6809,23944,3125
3/18/2016,6975,24776,3213
3/19/2016,7754,27284,3788
3/20/2016,8478,28432,4053
3/21/2016,7687,24417,3250
3/22/2016,6969,23117,3051
3/23/2016,6802,23097,2937
3/24/2016,6870,23057,2941
3/25/2016,7091,23913,3293
3/26/2016,7270,23844,3399
3/27/2016,7769,24488,3446
3/28/2016,7485,23701,3219
3/29/2016,6822,20175,2757
3/30/2016,6688,19479,2750
3/31/2016,6398,19246,2698
4/1/2016,6512,19130,2660
4/2/2016,7394,21312,3275
4/3/2016,7916,22249,3409
4/4/2016,7135,19022,2813
4/5/2016,6279,17468,2581
4/6/2016,6188,17069,2167
4/7/2016,6117,16789,2596
4/8/2016,6094,16991,2671
4/9/2016,7130,20029,3289
4/10/2016,7915,20893,3447
4/11/2016,7072,17558,2846
4/12/2016,5722,14817,2232
4/13/2016,5456,14008,2210
4/14/2016,5395,13975,2148
4/15/2016,5415,13974,2224
4/16/2016,6159,15846,2736
4/17/2016,6814,16678,2904
4/18/2016,6116,13802,2339
4/19/2016,5570,13080,2183
4/20/2016,5434,12298,2077
4/21/2016,5450,12648,2096
4/22/2016,5186,12029,2162
4/23/2016,5975,13437,2657
4/24/2016,6655,14230,2970
4/25/2016,5890,12209,2377
4/26/2016,5482,11141,2179
4/27/2016,5277,10314,2143
4/28/2016,5324,10145,2133
4/29/2016,5208,9691,1907
4/30/2016,5913,10585,2779
5/1/2016,6549,11244,2897
5/2/2016,6069,9602,2408
5/3/2016,5281,8398,2098
5/4/2016,5247,8235,2290
5/5/2016,5040,7873,2083
5/6/2016,4844,11046,2093
5/7/2016,5330,10614,2444
5/8/2016,5515,10566,2576
5/9/2016,4913,8932,2122
5/10/2016,5159,8262,2049
5/11/2016,4937,8275,1988
5/12/2016,4881,8225,1955
5/13/2016,4868,8265,2095
5/14/2016,5546,9533,2556
5/15/2016,6194,9845,2810
5/16/2016,5873,8836,2426
5/17/2016,5197,7681,2185
5/18/2016,5071,7069,2064
5/19/2016,4997,6999,1965
5/20/2016,5030,7316,2125
5/21/2016,5609,8066,2474
5/22/2016,6256,8559,2672
5/23/2016,5542,7405,2239
5/24/2016,4807,6354,2011
5/25/2016,4674,6306,1943
5/26/2016,4749,6363,2013
5/27/2016,4962,6146,2098
5/28/2016,5455,6471,2287
5/29/2016,5758,6899,2418
5/30/2016,5919,6596,2411
5/31/2016,5336,5650,3032
6/1/2016,5071,5352,3286
6/2/2016,5023,5381,3205
6/3/2016,5169,25913,3271
6/4/2016,5944,25769,3978
6/5/2016,6494,25622,4717
6/6/2016,5861,22782,4100
6/7/2016,6061,20875,3551
6/8/2016,7065,19850,3410
6/9/2016,6995,19529,3165
6/10/2016,6762,18635,3180
6/11/2016,7567,20988,3570
6/12/2016,7951,21880,3792
6/13/2016,7458,19155,3432
6/14/2016,6945,17845,3362
6/15/2016,6745,16997,3163
6/16/2016,6700,15887,3089
6/17/2016,6679,16568,3163
6/18/2016,7201,18016,3516
6/19/2016,7577,18429,3706
6/20/2016,6898,16190,3501
6/21/2016,6889,15670,3134
6/22/2016,6580,15092,3108
6/23/2016,6404,13941,2858
6/24/2016,6652,13348,3644
6/25/2016,7811,14589,4672
6/26/2016,8599,15921,5565
6/27/2016,8052,14136,5028
6/28/2016,7731,13152,5258
6/29/2016,7344,12707,5070
6/30/2016,7138,11933,5186
7/1/2016,6678,12203,5537
7/2/2016,7990,12502,5960
7/3/2016,8628,13906,6741
7/4/2016,8946,13285,7047
7/5/2016,7977,12125,6415
7/6/2016,7422,11569,5669
7/7/2016,7119,10921,5283
7/8/2016,7020,11051,4960
7/9/2016,7641,11937,5323
7/10/2016,8085,12077,5542
7/11/2016,7602,10943,5036
7/12/2016,6752,10424,4263
7/13/2016,6538,10027,4043
7/14/2016,6377,10008,3779
7/15/2016,6075,9544,3804
7/16/2016,6703,10208,4204
7/17/2016,7283,11012,4479
7/18/2016,6816,9847,4096
7/19/2016,5890,8897,3570
7/20/2016,6096,8703,3419
7/21/2016,6081,8315,3327
7/22/2016,5874,8683,3243
7/23/2016,6478,9256,3762
7/24/2016,6996,9703,3935
7/25/2016,6568,9047,3539
7/26/2016,6742,8413,3207
7/27/2016,6408,8136,3040
7/28/2016,6049,8145,3003
7/29/2016,5913,8203,2921
7/30/2016,6642,8665,3291
7/31/2016,7026,9320,3618
8/1/2016,6728,8593,3828
8/2/2016,5959,7767,3906
8/3/2016,5822,7404,3469
8/4/2016,5557,7005,3478
8/5/2016,5741,6792,3878
8/6/2016,6242,7335,4815
8/7/2016,6635,7888,5828
8/8/2016,6345,7008,6155
8/9/2016,5719,6561,5726
8/10/2016,5432,6423,4953
8/11/2016,5316,6151,4697
8/12/2016,5103,5755,4273
8/13/2016,5729,7350,4672
8/14/2016,6200,7670,4992
8/15/2016,6034,7045,4403
8/16/2016,5275,6573,3832
8/17/2016,5210,6249,3698
8/18/2016,5117,6298,3540
8/19/2016,5062,6668,3489
8/20/2016,5850,7394,4055
8/21/2016,6359,8121,4373
8/22/2016,5862,7369,3721
8/23/2016,5598,6521,3344
8/24/2016,5401,6329,3116
8/25/2016,5256,6462,3030
8/26/2016,5283,6248,3115
8/27/2016,6446,6971,3730
8/28/2016,6789,7437,3993
8/29/2016,6268,6229,3484
8/30/2016,5345,8398,3021
8/31/2016,5307,8275,2984
9/1/2016,5119,7822,2839
9/2/2016,5072,22289,2996
9/3/2016,5877,31112,3471
9/4/2016,6381,33313,3781
9/5/2016,6453,32556,3686
9/6/2016,5842,27446,3211
9/7/2016,5136,27051,2821
9/8/2016,5070,25878,2736
9/9/2016,5159,25587,2865
9/10/2016,6130,29172,3697
9/11/2016,6504,30685,3959
9/12/2016,5899,25509,3395
9/13/2016,5096,24231,2894
9/14/2016,5004,22993,2608
9/15/2016,4889,23196,2818
9/16/2016,4997,23259,2967
9/17/2016,6273,26865,3608
9/18/2016,6797,27630,3920
9/19/2016,6050,22939,3262
9/20/2016,5411,22584,2874
9/21/2016,5364,21639,2750
9/22/2016,5306,20927,2743
9/23/2016,5626,20958,2399
9/24/2016,6621,23901,3532
9/25/2016,7203,25133,3830
9/26/2016,6386,21432,3149
9/27/2016,6209,20142,2696
9/28/2016,7400,20030,2748
9/29/2016,7392,19852,2616
9/30/2016,7431,19518,2751
10/1/2016,8600,22610,3405
10/2/2016,9210,23074,3594
10/3/2016,8634,19668,3055
10/4/2016,7424,19216,2775
10/5/2016,7075,18567,3961
10/6/2016,7048,18349,3722
10/7/2016,7080,18060,3766
10/8/2016,7953,20611,4374
10/9/2016,8513,21414,4658
10/10/2016,7658,19120,4207
10/11/2016,6891,17413,3659
10/12/2016,6688,17383,3511
10/13/2016,6547,16642,3822
10/14/2016,6970,16655,4145
10/15/2016,8250,18801,4892
10/16/2016,8971,19883,5235
10/17/2016,8130,16671,4509
10/18/2016,7504,16099,3942
10/19/2016,7430,16027,4282
10/20/2016,7193,15944,4551
10/21/2016,7119,15445,4411
10/22/2016,8125,17231,5973
10/23/2016,8565,17930,6709
10/24/2016,7948,15057,5748
10/25/2016,7021,14479,5216
10/26/2016,6693,13868,5167
10/27/2016,6517,13602,4745
10/28/2016,6458,13138,4618
10/29/2016,6968,14903,5443
10/30/2016,8036,15299,5768
10/31/2016,7363,12727,4814
11/1/2016,7534,13002,4505
11/2/2016,7253,12951,4425
11/3/2016,6963,12706,4419
11/4/2016,6889,13296,4508
11/5/2016,7833,15125,5453
11/6/2016,8093,15673,5721
11/7/2016,7397,12837,4842
11/8/2016,6681,12718,4231
11/9/2016,6280,11953,4049
11/10/2016,5963,11809,3922
11/11/2016,6740,12717,4542
11/12/2016,7381,14027,5373
11/13/2016,7866,14766,5398
11/14/2016,7126,12377,4588
11/15/2016,6421,11886,4243
11/16/2016,6033,11389,5443
11/17/2016,5852,10707,16002
11/18/2016,5647,11886,20237
11/19/2016,6551,14110,26744
11/20/2016,6408,14484,29352
11/21/2016,5728,11956,22485
11/22/2016,5728,11505,20582
11/23/2016,5576,11525,21602
11/24/2016,5314,11282,21466
11/25/2016,5812,11305,21962
11/26/2016,6193,12023,24049
11/27/2016,6498,11945,25219
11/28/2016,5918,9648,20400
11/29/2016,5044,9558,20115
11/30/2016,4903,9215,18671
12/1/2016,4811,8695,18370
12/2/2016,4918,45376,17233
12/3/2016,5719,44697,19955
12/4/2016,6136,46851,20207
12/5/2016,5578,39859,15178
12/6/2016,5230,39057,14599
12/7/2016,5084,36565,13805
12/8/2016,4955,37966,13288
12/9/2016,4901,37358,13467
12/10/2016,5925,41870,15253
12/11/2016,6375,42590,15754
12/12/2016,5813,36725,12735
12/13/2016,5139,33770,11747
12/14/2016,4951,32647,10934
12/15/2016,5240,32899,11275
12/16/2016,5169,33365,11273
12/17/2016,6021,37395,13046
12/18/2016,6400,38049,13276
12/19/2016,5971,32805,11104
12/20/2016,5602,32355,10647
12/21/2016,5380,31183,10374
12/22/2016,5371,30421,10127
12/23/2016,5246,28552,9344
12/24/2016,5165,27069,9666
12/25/2016,5624,26936,10356
12/26/2016,7113,29796,11720
12/27/2016,7666,29057,12008
12/28/2016,7637,28581,12000
12/29/2016,7678,28653,12244
12/30/2016,7820,28411,12117
12/31/2016,7743,26907,11154
1/1/2017,9000,29110,13308
1/2/2017,9515,30430,13612
1/3/2017,9244,27271,12326
1/4/2017,8335,26585,11805
1/5/2017,8080,26320,11560
1/6/2017,8198,24331,10746
1/7/2017,9910,29390,13311
1/8/2017,9982,29252,13335
1/9/2017,8068,24043,10285
1/10/2017,8158,23369,9846
1/11/2017,8196,22930,9557
1/12/2017,8066,22903,9500
1/13/2017,8262,23115,10053
1/14/2017,9590,25766,11990
1/15/2017,10154,26532,12329
1/16/2017,9595,23564,10700
1/17/2017,7927,21269,9371
1/18/2017,9277,20677,8813
1/19/2017,9446,20549,8382
1/20/2017,9886,20535,9250
1/21/2017,11405,23270,11124
1/22/2017,11982,23672,11407
1/23/2017,11167,19735,9061
1/24/2017,9360,18685,8820
1/25/2017,8873,17993,8432
1/26/2017,8656,17724,8283
1/27/2017,8816,17736,8499
1/28/2017,10337,19994,10111
1/29/2017,10831,20982,10572
1/30/2017,10150,17256,8490
1/31/2017,8774,16542,8660
2/1/2017,8675,15950,9066
2/2/2017,8560,15518,9104
2/3/2017,8792,15813,9489
2/4/2017,10492,18393,11830
2/5/2017,10859,18960,12631
2/6/2017,9770,15260,13647
2/7/2017,8618,15321,12337
2/8/2017,8580,14148,11382
2/9/2017,8277,14301,12138
2/10/2017,8205,14763,12639
2/11/2017,9799,16532,15587
2/12/2017,10302,16983,17605
2/13/2017,9145,13677,14392
2/14/2017,7978,11976,13956
2/15/2017,8028,14137,13982
2/16/2017,8147,14398,13426
2/17/2017,8721,15419,13589
2/18/2017,11196,17658,15584
2/19/2017,12016,18561,16356
2/20/2017,11341,16483,14138
2/21/2017,10982,14923,12473
2/22/2017,10379,14266,12317
2/23/2017,9908,13857,11956
2/24/2017,10055,13597,11966
2/25/2017,11992,15691,14316
2/26/2017,12346,16056,14828
2/27/2017,10736,12807,11926
2/28/2017,9289,12564,11304
3/1/2017,10338,11975,10895
3/2/2017,10105,11724,10795
3/3/2017,9593,64317,10768
3/4/2017,11322,59789,12482
3/5/2017,11780,57870,13167
3/6/2017,10862,48000,10701
3/7/2017,9516,47042,10053
3/8/2017,8872,44132,9566
3/9/2017,9178,43898,9419
3/10/2017,9060,45104,9853
3/11/2017,10723,50916,11876
3/12/2017,10611,52843,12668
3/13/2017,9706,44356,9928
3/14/2017,10078,44509,10017
3/15/2017,9494,41969,9083
3/16/2017,8925,40005,8955
3/17/2017,8512,40601,9207
3/18/2017,10006,45306,10951
3/19/2017,10677,47843,11594
3/20/2017,9371,40273,9617
3/21/2017,8363,30047,7712
3/22/2017,4771,16664,4809
3/23/2017,7943,35431,9189
3/24/2017,8156,35995,9220
3/25/2017,9130,39617,10796
3/26/2017,9563,41976,11411
3/27/2017,8580,35132,9078
3/28/2017,8886,33585,8647
3/29/2017,8641,32212,8512
3/30/2017,7839,31363,8197
3/31/2017,7891,30159,8412
4/1/2017,9174,33129,9945
4/2/2017,9587,34804,10548
4/3/2017,8411,28926,8418
4/4/2017,7668,28010,8341
4/5/2017,7634,26114,7981
4/6/2017,7326,25845,7912
4/7/2017,7433,25623,8238
4/8/2017,8760,28507,9683
4/9/2017,9400,28944,10000
4/10/2017,8609,25633,8485
4/11/2017,7369,23619,10245
4/12/2017,6950,22886,15413
4/13/2017,7224,22926,17189
4/14/2017,7892,24332,23660
4/15/2017,8570,25005,27786
4/16/2017,9042,25410,29990
4/17/2017,8567,23460,27431
4/18/2017,7905,21578,21542
4/19/2017,7859,20893,19980
4/20/2017,7495,20153,18252
4/21/2017,7737,21487,18439
4/22/2017,9126,23989,20055
4/23/2017,9726,24569,20104
4/24/2017,8997,20202,15750
4/25/2017,7670,19105,15158
4/26/2017,7574,18180,13813
4/27/2017,7173,18151,13821
4/28/2017,7560,17628,13606
4/29/2017,9221,20312,15683
4/30/2017,10028,20948,16303
5/1/2017,9473,18690,13647
5/2/2017,8063,17338,13281
5/3/2017,8007,16882,12527
5/4/2017,7795,16450,11437
5/5/2017,8174,16260,12165
5/6/2017,9686,18239,13930
5/7/2017,10380,19417,14743
5/8/2017,9888,16621,12595
5/9/2017,8373,16004,11734
5/10/2017,8063,14891,11045
5/11/2017,8119,15153,10996
5/12/2017,8328,14947,11401
5/13/2017,9655,16909,12886
5/14/2017,9860,16924,13360
5/15/2017,9219,14990,11443
5/16/2017,3302,14398,10883
5/17/2017,8756,13959,10536
5/18/2017,8444,13838,10355
5/19/2017,8394,13672,10768
5/20/2017,9945,15648,12354
5/21/2017,10874,16732,13100
5/22/2017,10191,14966,16770
5/23/2017,9226,13975,14888
5/24/2017,9379,13210,13781
5/25/2017,9379,13282,13364
5/26/2017,9328,12950,13224
5/27/2017,10841,14453,14550
5/28/2017,11398,15625,15570
5/29/2017,11866,15166,15288
5/30/2017,11184,13051,13526
5/31/2017,10276,12649,12606
6/1/2017,10242,12051,12087
6/2/2017,10463,15388,12322
6/3/2017,12294,15615,14210
6/4/2017,13714,16899,15916
6/5/2017,13438,15970,14660
6/6/2017,11251,14328,13371
6/7/2017,11273,13482,13983
6/8/2017,11124,15690,13877
6/9/2017,11147,14923,13862
6/10/2017,13156,17307,15459
6/11/2017,14095,18365,16902
6/12/2017,13036,15674,14674
6/13/2017,11477,14606,13671
6/14/2017,11836,13898,12744
6/15/2017,12025,13966,13006
6/16/2017,22451,13627,13132
6/17/2017,24440,14773,14620
6/18/2017,25725,15508,15249
6/19/2017,24711,13481,13292
6/20/2017,22471,12668,12456
6/21/2017,22338,12757,11998
6/22/2017,21537,12055,11669
6/23/2017,21245,11434,11820
6/24/2017,22661,15627,13515
6/25/2017,24935,16600,14803
6/26/2017,24185,14458,13109
6/27/2017,20546,13783,12004
6/28/2017,19589,12482,11396
6/29/2017,18787,12122,11206
6/30/2017,18539,11655,11379
7/1/2017,20851,12840,12771
7/2/2017,21966,13486,13441
7/3/2017,21207,12433,12769
7/4/2017,22896,14223,13208
7/5/2017,21490,12246,12861
7/6/2017,18094,11790,12459
7/7/2017,17616,11378,12047
7/8/2017,20148,12666,13576
7/9/2017,21320,13543,14481
7/10/2017,20465,11942,13045
7/11/2017,17405,11541,11452
7/12/2017,16808,11191,10911
7/13/2017,15652,10788,10628
7/14/2017,15767,17191,10603
7/15/2017,18368,17191,11735
7/16/2017,19771,17745,12573
7/17/2017,18777,15532,11078
7/18/2017,15836,14295,10448
7/19/2017,15321,13682,10300
7/20/2017,15200,12611,10356
7/21/2017,14891,12234,10073
7/22/2017,16744,13001,11417
7/23/2017,17893,13680,12184
7/24/2017,15380,11838,10215
7/25/2017,14629,11526,10081
7/26/2017,14325,11160,9850
7/27/2017,13823,10981,9650
7/28/2017,13289,10779,9580
7/29/2017,15170,11394,10788
7/30/2017,16071,11958,11554
7/31/2017,13671,10283,9547
8/1/2017,13089,10198,9432
8/2/2017,13076,9693,9304
8/3/2017,12499,9595,9248
8/4/2017,12127,86604,9078
8/5/2017,13267,88462,9892
8/6/2017,14226,98445,10830
8/7/2017,12399,85706,9230
8/8/2017,12727,80573,8873
8/9/2017,12640,79383,8423
8/10/2017,11911,75321,8401
8/11/2017,11370,74583,8522
8/12/2017,12697,84204,9630
8/13/2017,13698,90312,10402
8/14/2017,11854,75546,11131
8/15/2017,11385,75898,10038
8/16/2017,11454,71618,8399
8/17/2017,10644,70634,9130
8/18/2017,10406,71040,9088
8/19/2017,11831,79383,10283
8/20/2017,12638,83759,10820
8/21/2017,10751,69074,9543
8/22/2017,10462,66795,9045
8/23/2017,10545,63332,10538
8/24/2017,9973,62224,11851
8/25/2017,9904,60993,13237
8/26/2017,11718,67570,16058
8/27/2017,12317,71511,18473
8/28/2017,10457,57415,15720
8/29/2017,9597,54103,15488
8/30/2017,9645,52856,14795
8/31/2017,9144,52136,13808
9/1/2017,9129,51988,13215
9/2/2017,11101,58084,14840
9/3/2017,12078,60701,15484
9/4/2017,12442,59630,14761
9/5/2017,10568,49211,11852
9/6/2017,9845,47061,11312
9/7/2017,9122,46566,11227
9/8/2017,9004,45531,11142
9/9/2017,10756,51473,13140
9/10/2017,11167,53802,13621
9/11/2017,9086,44638,11017
9/12/2017,9019,42463,10502
9/13/2017,8636,40665,9854
9/14/2017,8414,38940,9989
9/15/2017,8272,37719,9946
9/16/2017,9646,42777,11704
9/17/2017,10729,43994,12402
9/18/2017,8819,36520,10061
9/19/2017,8522,35339,9610
9/20/2017,8396,33491,9426
9/21/2017,8018,33013,9500
9/22/2017,8120,32565,10296
9/23/2017,9522,36312,11883
9/24/2017,10108,37747,12157
9/25/2017,8397,30993,9654
9/26/2017,8058,29676,9190
9/27/2017,8124,28557,9395
9/28/2017,7724,27455,9135
9/29/2017,7769,27139,9123
9/30/2017,9242,31038,10778
10/1/2017,10092,31508,11392
10/2/2017,8474,26487,9452
10/3/2017,8203,25758,9189
10/4/2017,8292,24751,8780
10/5/2017,7934,24332,8747
10/6/2017,8308,24429,9291
10/7/2017,9733,27491,11397
10/8/2017,10578,28638,12538
10/9/2017,9219,25302,10987
10/10/2017,9804,22041,9613
10/11/2017,10459,21396,9451
10/12/2017,10553,22097,9410
10/13/2017,10350,21796,9653
10/14/2017,11867,24386,11278
10/15/2017,12429,25245,11842
10/16/2017,10489,21172,9751
10/17/2017,9898,19822,9341
10/18/2017,9967,18947,9108
10/19/2017,9634,18369,9274
10/20/2017,9660,18627,11200
10/21/2017,10987,20882,12815
10/22/2017,11754,22130,13478
10/23/2017,10042,18498,13019
10/24/2017,9328,16975,11506
10/25/2017,9290,16302,11269
10/26/2017,8777,15761,10739
10/27/2017,8507,15219,10647
10/28/2017,9604,17062,12753
10/29/2017,10704,17865,13861
10/30/2017,9577,14578,11227
10/31/2017,8663,13781,10626
11/1/2017,8576,14234,10244
11/2/2017,8579,14061,10364
11/3/2017,8585,13887,10570
11/4/2017,9783,15452,12362
11/5/2017,10313,16322,13201
11/6/2017,8860,12949,10157
11/7/2017,8125,12420,9989
11/8/2017,7957,11494,9638
11/9/2017,7680,11213,9496
11/10/2017,8016,26254,10107
11/11/2017,8975,22339,11559
11/12/2017,9664,21598,11927
11/13/2017,8189,17433,9703
11/14/2017,7891,15905,9120
11/15/2017,7903,14996,8668
11/16/2017,7388,13823,8823
11/17/2017,7303,14268,8912
11/18/2017,8661,15967,10825
11/19/2017,9138,16070,11509
11/20/2017,7783,13084,9373
11/21/2017,8416,12405,8930
11/22/2017,8123,11632,9394
11/23/2017,7219,11494,10174
11/24/2017,7683,28485,11831
11/25/2017,8342,23138,13505
11/26/2017,8837,22386,14752
11/27/2017,7680,17607,11744
11/28/2017,7266,15780,12792
11/29/2017,7492,14850,12237
11/30/2017,6933,13942,13292
12/1/2017,7044,13771,17806
12/2/2017,8519,15204,23577
12/3/2017,9118,14829,25989
12/4/2017,7890,11508,21430
12/5/2017,7315,10771,19620
12/6/2017,7402,10586,18418
12/7/2017,7002,10010,16444
12/8/2017,6973,68539,15960
12/9/2017,7959,67187,18137
12/10/2017,8628,70425,18612
12/11/2017,7381,60807,14954
12/12/2017,7235,57333,13609
12/13/2017,6981,55331,12767
12/14/2017,6630,53611,13599
12/15/2017,7048,53158,13700
12/16/2017,7974,60334,15507
12/17/2017,8543,63008,16085
12/18/2017,7508,54946,13623
12/19/2017,7218,51498,12724
12/20/2017,7088,50358,12525
12/21/2017,6915,48179,12177
12/22/2017,6706,49606,12846
12/23/2017,6978,51406,14179
12/24/2017,6576,42075,12558
12/25/2017,6329,46965,13633
12/26/2017,7363,49976,14689
12/27/2017,7223,49956,14772
12/28/2017,7497,49898,15049
12/29/2017,7492,50131,15221
12/30/2017,8158,52388,16417
12/31/2017,7809,44119,14006
1/1/2018,8559,51693,17063
1/2/2018,8073,46575,14878
1/3/2018,7590,44080,14986
1/4/2018,7616,44880,15377
1/5/2018,7688,44307,15103
1/6/2018,8849,49289,17063
1/7/2018,9053,49704,17331
1/8/2018,8133,42062,14453
1/9/2018,7517,40185,14561
1/10/2018,7276,38777,14389
1/11/2018,7199,37766,14357
1/12/2018,7770,38870,14523
1/13/2018,9147,43379,17228
1/14/2018,9448,44079,17775
1/15/2018,8430,39186,14872
1/16/2018,7929,35436,13393
1/17/2018,7773,34291,13426
1/18/2018,7489,32801,12949
1/19/2018,8176,32663,12735
1/20/2018,9690,37350,15344
1/21/2018,10240,38059,15958
1/22/2018,8828,31906,12620
1/23/2018,8170,30388,12359
1/24/2018,8008,28994,11751
1/25/2018,7886,28588,11598
1/26/2018,7865,28014,11633
1/27/2018,9251,31646,14227
1/28/2018,9831,32629,14935
1/29/2018,8344,26986,11962
1/30/2018,9583,25560,11811
1/31/2018,10325,24766,11462
2/1/2018,10062,23558,11347
2/2/2018,10461,23708,11606
2/3/2018,12216,26982,13794
2/4/2018,12731,27880,14598
2/5/2018,10489,22715,11326
2/6/2018,11185,21533,11022
2/7/2018,10658,20492,11101
2/8/2018,10166,19785,10603
2/9/2018,10323,19404,10934
2/10/2018,11906,22028,13009
2/11/2018,12639,22649,13856
2/12/2018,10810,18633,12787
2/13/2018,10037,17729,13338
2/14/2018,9695,15995,11664
2/15/2018,9299,15905,11722
2/16/2018,9537,16517,12463
2/17/2018,11063,18510,14683
2/18/2018,11552,18988,15287
2/19/2018,10252,16802,13790
2/20/2018,10467,15063,11995
2/21/2018,10183,14787,11662
2/22/2018,9636,14283,11481
2/23/2018,9459,13417,11468
2/24/2018,10971,15116,13658
2/25/2018,11468,15592,14305
2/26/2018,9850,12488,11463
2/27/2018,9363,12085,10954
2/28/2018,9490,11452,10746
3/1/2018,9292,11494,10906
3/2/2018,9625,81866,11542
3/3/2018,11370,75851,13307
3/4/2018,12197,78622,13911
3/5/2018,10493,66258,11211
3/6/2018,9674,63002,10717
3/7/2018,9586,62026,10905
3/8/2018,9225,58957,10678
3/9/2018,9125,58196,11547
3/10/2018,10919,65260,13727
3/11/2018,11622,67903,14576
3/12/2018,10078,57124,11359
3/13/2018,11804,55354,11676
3/14/2018,11007,52877,10758
3/15/2018,10215,51132,10821
3/16/2018,10535,51831,11138
3/17/2018,12070,58218,12874
3/18/2018,12703,60270,13686
3/19/2018,11043,51495,11208
3/20/2018,10288,49012,10639
3/21/2018,10073,47958,11527
3/22/2018,9454,46746,13102
3/23/2018,9630,45490,17476
3/24/2018,10891,52098,22835
3/25/2018,11311,53682,24678
3/26/2018,9398,45464,20019
3/27/2018,9384,42687,18089
3/28/2018,9104,41085,15572
3/29/2018,8883,41253,16092
3/30/2018,9389,43381,16980
3/31/2018,10053,44314,17732
4/1/2018,10533,45720,18188
4/2/2018,9491,40996,15702
4/3/2018,9255,38170,14398
4/4/2018,8926,37020,16094
4/5/2018,8505,36103,15308
4/6/2018,8703,35842,15727
4/7/2018,10341,40296,18197
4/8/2018,10983,42051,19117
4/9/2018,8846,35194,15235
4/10/2018,8563,33476,14627
4/11/2018,8237,31930,14008
4/12/2018,8210,30460,12918
4/13/2018,8337,30492,14431
4/14/2018,10089,33956,16934
4/15/2018,10807,36112,18427
4/16/2018,8922,29994,15016
4/17/2018,8768,28099,15349
4/18/2018,8819,26505,15001
4/19/2018,8235,25685,15135
4/20/2018,8096,24918,15628
4/21/2018,9475,27856,18091
4/22/2018,10110,29051,18884
4/23/2018,8498,24706,14358
4/24/2018,8400,23358,14753
4/25/2018,8437,22270,14160
4/26/2018,7915,21211,13832
4/27/2018,7845,20955,14029
4/28/2018,9072,23491,16017
4/29/2018,9851,25125,17486
4/30/2018,8423,21327,14126
5/1/2018,8356,21176,13584
5/2/2018,7944,19051,12884
5/3/2018,7679,17866,12607
5/4/2018,7643,42829,12868
5/5/2018,9008,39500,14712
5/6/2018,9452,40136,15647
5/7/2018,8122,33167,12981
5/8/2018,7934,30111,12345
5/9/2018,7693,27486,11595
5/10/2018,7665,27357,12041
5/11/2018,7892,26956,11962
5/12/2018,9044,29002,13565
5/13/2018,9364,28504,14232
5/14/2018,8055,24302,12346
5/15/2018,8261,22533,11925
5/16/2018,7953,21223,11668
5/17/2018,7761,20182,11553
5/18/2018,7970,19599,11743
5/19/2018,9238,21721,13669
5/20/2018,10071,22712,14999
5/21/2018,8813,19576,21388
5/22/2018,8689,17607,17099
5/23/2018,10197,16698,17588
5/24/2018,9724,15621,16580
5/25/2018,9684,15387,16418
5/26/2018,10580,15903,18141
5/27/2018,11270,16685,19632
5/28/2018,11183,15603,19268
5/29/2018,10032,13776,16645
5/30/2018,9652,12931,16189
5/31/2018,9306,12851,16105
6/1/2018,9266,90505,16037
6/2/2018,10528,87194,18061
6/3/2018,11321,95994,19700
6/4/2018,9614,83644,16535
6/5/2018,9842,79683,16403
6/6/2018,9563,76954,15954
6/7/2018,9313,73986,15757
6/8/2018,9253,70980,15886
6/9/2018,10411,77770,16511
6/10/2018,11194,82860,20281
6/11/2018,9420,69968,21831
6/12/2018,9437,64431,23029
6/13/2018,9264,62009,23051
6/14/2018,8737,60129,23687
6/15/2018,8755,55345,24103
6/16/2018,9721,59811,27386
6/17/2018,10236,61912,28365
6/18/2018,8688,54108,26715
6/19/2018,9007,51702,21194
6/20/2018,8941,49619,24294
6/21/2018,8497,46951,21732
6/22/2018,8321,45687,21233
6/23/2018,9463,49824,23404
6/24/2018,10168,53209,25644
6/25/2018,8692,45542,22105
6/26/2018,8975,43146,21036
6/27/2018,8669,40568,20217
6/28/2018,8367,38822,19344
6/29/2018,8284,37816,19272
6/30/2018,9406,40525,21222
7/1/2018,10044,42939,23396
7/2/2018,8689,38376,20853
7/3/2018,10610,35908,19689
7/4/2018,11152,39042,22161
7/5/2018,9517,34735,20113
7/6/2018,9575,33383,19592
7/7/2018,10397,35444,20424
7/8/2018,11007,38387,22811
7/9/2018,9408,33529,19590
7/10/2018,9287,30501,19791
7/11/2018,9233,29416,18701
7/12/2018,8688,29835,18851
7/13/2018,8624,28290,18476
7/14/2018,9741,30694,20211
7/15/2018,10304,32323,21708
7/16/2018,8838,27672,17529
7/17/2018,8932,26178,17468
7/18/2018,8783,24527,16557
7/19/2018,8460,24206,16246
7/20/2018,8370,23177,16287
7/21/2018,9525,25073,17721
7/22/2018,10411,26490,19397
7/23/2018,8858,22095,16411
7/24/2018,8486,21003,15155
7/25/2018,8331,19710,15351
7/26/2018,7936,19353,15072
7/27/2018,7831,18070,14205
7/28/2018,9054,20151,16300
7/29/2018,9621,21383,17550
7/30/2018,8216,18018,15077
7/31/2018,8268,16891,14460
8/1/2018,8127,15919,14655
8/2/2018,7727,15402,14257
8/3/2018,7690,33090,14002
8/4/2018,8541,30274,15495
8/5/2018,9335,31148,16974
8/6/2018,7913,26848,14573
8/7/2018,10284,23888,13753
8/8/2018,9625,22854,14465
8/9/2018,8440,20845,15832
8/10/2018,7209,20317,21008
8/11/2018,7959,21880,25240
8/12/2018,8362,22760,27705
8/13/2018,7706,19081,29614
8/14/2018,7560,17812,26110
8/15/2018,7431,17043,23787
8/16/2018,6933,16085,20826
8/17/2018,6816,15356,20752
8/18/2018,7671,16811,23475
8/19/2018,8224,17752,25719
8/20/2018,6976,14624,22422
8/21/2018,7015,13885,21763
8/22/2018,7082,13303,20825
8/23/2018,6603,12783,20036
8/24/2018,6559,12654,19183
8/25/2018,7708,14060,21107
8/26/2018,8384,14863,22949
8/27/2018,7193,12237,19566
8/28/2018,6755,12406,18392
8/29/2018,6448,11502,17936
8/30/2018,6356,11360,17262
8/31/2018,6518,75919,16993
9/1/2018,7617,70868,19240
9/2/2018,7983,75738,20194
9/3/2018,8151,75321,20009
9/4/2018,6824,61755,16602
9/5/2018,6158,57759,15927
9/6/2018,6118,55636,15592
9/7/2018,6347,56033,16045
9/8/2018,7414,62809,18258
9/9/2018,7881,65115,19341
9/10/2018,6501,54848,16494
9/11/2018,6434,52226,15403
9/12/2018,6210,50662,14930
9/13/2018,6261,49294,14652
9/14/2018,6471,48197,15590
9/15/2018,7899,54338,17844
9/16/2018,8425,56915,18974
9/17/2018,6879,48314,15901
9/18/2018,8478,46376,15817
9/19/2018,9377,44118,15582
9/20/2018,9148,43306,15994
9/21/2018,9228,43366,16147
9/22/2018,10637,49033,18349
9/23/2018,11399,51559,19529
9/24/2018,9382,43682,16541
9/25/2018,9358,42265,16007
9/26/2018,9096,40086,16260
9/27/2018,8483,38266,16442
9/28/2018,8453,38182,17076
9/29/2018,9747,43763,20080
9/30/2018,10363,45277,22462
10/1/2018,8627,38331,19350
10/2/2018,8747,36691,19094
10/3/2018,8537,35320,18512
10/4/2018,7962,34468,17624
10/5/2018,7802,34229,17425
10/6/2018,9214,38109,19895
10/7/2018,9722,39393,20583
10/8/2018,8351,35118,18372
10/9/2018,8160,32122,16654
10/10/2018,8053,30055,17291
10/11/2018,7407,29583,16226
10/12/2018,7326,29272,16418
10/13/2018,8642,31979,18383
10/14/2018,9239,33118,19351
10/15/2018,7627,28214,16324
10/16/2018,7755,26420,15447
10/17/2018,7727,25820,15479
10/18/2018,7380,25058,17979
10/19/2018,7329,24749,18101
10/20/2018,8491,28076,20373
10/21/2018,8894,29061,21353
10/22/2018,7479,24647,21843
10/23/2018,7664,23772,19669
10/24/2018,7500,22922,18207
10/25/2018,7018,22154,17574
10/26/2018,6868,21799,17686
10/27/2018,8252,24411,19821
10/28/2018,8979,25378,20494
10/29/2018,7508,20490,17319
10/30/2018,7492,19618,16335
10/31/2018,7477,18514,15463
11/1/2018,7050,19205,15860
11/2/2018,6946,18717,15861
11/3/2018,7762,22132,17817
11/4/2018,8261,23849,18330
11/5/2018,6794,20178,13382
11/6/2018,7531,19960,14512
11/7/2018,7066,19781,14023
11/8/2018,6745,19387,13407
11/9/2018,6782,20411,14054
11/10/2018,8050,24310,15913
11/11/2018,8396,25345,16605
11/12/2018,7124,22730,14048
11/13/2018,6993,19678,13742
11/14/2018,6760,21559,12431
11/15/2018,6616,22358,14895
11/16/2018,7479,22040,14459
11/17/2018,9106,25979,16172
11/18/2018,9700,27642,16850
11/19/2018,8319,22262,14724
11/20/2018,8455,19708,13945
11/21/2018,8151,21325,13434
11/22/2018,8220,20590,13800
11/23/2018,8638,20983,14690
11/24/2018,9540,22730,16099
11/25/2018,10323,23370,17300
11/26/2018,8840,18918,14632
11/27/2018,8299,18072,14156
11/28/2018,8608,16675,14103
11/29/2018,7922,16645,15526
11/30/2018,8048,17519,15732
12/1/2018,9534,20721,13212
12/2/2018,10121,21226,19000
12/3/2018,8730,17004,15648
12/4/2018,8130,15575,15530
12/5/2018,8375,15395,14740
12/6/2018,7849,14893,14359
12/7/2018,7360,117436,15287
12/8/2018,8521,120233,18350
12/9/2018,9153,123462,19858
12/10/2018,7846,105255,16750
12/11/2018,7467,101097,15828
12/12/2018,7398,94447,14026
12/13/2018,7011,90612,16572
12/14/2018,7121,91307,16205
12/15/2018,8472,103108,18156
12/16/2018,9160,106410,19373
12/17/2018,8088,89965,16501
12/18/2018,7954,85442,15871
12/19/2018,7982,81388,15840
12/20/2018,7606,79730,15263
12/21/2018,7656,78932,15437
12/22/2018,8409,82630,16907
12/23/2018,8629,81960,17116
12/24/2018,7984,66547,14317
12/25/2018,7746,71361,15224
12/26/2018,8264,73826,15910
12/27/2018,8563,74014,15882
12/28/2018,8623,73586,16285
12/29/2018,9433,77038,17538
12/30/2018,10234,78850,18240
12/31/2018,9684,66200,15205
1/1/2019,10845,77233,18452
1/2/2019,10126,69597,16196
1/3/2019,9271,68144,16411
1/4/2019,9517,68720,16320
1/5/2019,11076,76201,18037
1/6/2019,11573,76349,18647
1/7/2019,10164,64267,15667
1/8/2019,9734,61243,15074
1/9/2019,11578,58876,14447
1/10/2019,11613,58045,15199
1/11/2019,11545,58658,15532
1/12/2019,13700,66378,18010
1/13/2019,14454,67256,18593
1/14/2019,12635,54640,15155
1/15/2019,14004,52535,15699
1/16/2019,13991,49780,16406
1/17/2019,12623,48816,16560
1/18/2019,12142,46971,17207
1/19/2019,14041,51012,20451
1/20/2019,14870,52796,22186
1/21/2019,12743,45286,19189
1/22/2019,11752,40168,17843
1/23/2019,11601,37808,17493
1/24/2019,10818,36075,17030
1/25/2019,9328,35368,16948
1/26/2019,11552,40347,20076
1/27/2019,12425,41112,21172
1/28/2019,10848,33270,17037
1/29/2019,9491,32044,16894
1/30/2019,9329,31064,16102
1/31/2019,9199,29624,15891
2/1/2019,9131,28353,16207
2/2/2019,11923,32548,19403
2/3/2019,13414,33678,20511
2/4/2019,11240,27397,16567
2/5/2019,11422,25190,17120
2/6/2019,11560,23550,17207
2/7/2019,11049,22702,19068
2/8/2019,11328,22416,18971
2/9/2019,14000,25027,22638
2/10/2019,14864,25523,24254
2/11/2019,12871,20338,20457
2/12/2019,13418,19574,19527
2/13/2019,12708,18469,17785
2/14/2019,11566,16706,16907
2/15/2019,11960,17723,17741
2/16/2019,14057,20061,20337
2/17/2019,14967,20834,21324
2/18/2019,13154,18070,18631
2/19/2019,12356,15811,16602
2/20/2019,11969,16081,16919
2/21/2019,11544,15452,16090
2/22/2019,12154,15402,16331
2/23/2019,14907,17984,18696
2/24/2019,15805,18722,19845
2/25/2019,13651,15034,21842
2/26/2019,12861,14417,18451
2/27/2019,12745,13744,17304
2/28/2019,12257,13088,16723
3/1/2019,12892,13333,17264
3/2/2019,15508,15274,19955
3/3/2019,16638,15836,21431
3/4/2019,14179,12826,18291
3/5/2019,13190,12246,17424
3/6/2019,12703,11645,16805
3/7/2019,12205,11791,17766
3/8/2019,11899,112505,16915
3/9/2019,14559,99543,19705
3/10/2019,15716,101649,20925
3/11/2019,13320,83390,17828
3/12/2019,12544,78364,17041
3/13/2019,12068,74696,16247
3/14/2019,11984,71336,16048
3/15/2019,12053,69308,16192
3/16/2019,14081,75262,18191
3/17/2019,14822,76666,19398
3/18/2019,12410,63190,16706
3/19/2019,12037,58737,15768
3/20/2019,11626,56611,15260
3/21/2019,11371,53663,16576
3/22/2019,11361,52614,16481
3/23/2019,14242,58236,18722
3/24/2019,15686,60589,19817
3/25/2019,13168,49848,17881
3/26/2019,11809,46864,18177
3/27/2019,12344,44995,18813
3/28/2019,12388,43276,19690
3/29/2019,12344,42382,23665
3/30/2019,14653,46707,28583
3/31/2019,15486,49386,31975
4/1/2019,12734,40572,26690
4/2/2019,12727,38780,24538
4/3/2019,12383,37219,23783
4/4/2019,12205,35482,23898
4/5/2019,12469,34483,23272
4/6/2019,14793,38881,26873
4/7/2019,15635,40857,29130
4/8/2019,12480,33825,23777
4/9/2019,13212,31823,24796
4/10/2019,12622,29370,22271
4/11/2019,12499,29498,21702
4/12/2019,13082,28887,21550
4/13/2019,15557,32905,24758
4/14/2019,16820,34615,26132
4/15/2019,13578,27893,21623
4/16/2019,15568,26628,21913
4/17/2019,14770,24405,21524
4/18/2019,13524,24607,21991
4/19/2019,14995,26540,22793
4/20/2019,15919,26774,23809
4/21/2019,16447,26959,24500
4/22/2019,14482,23458,22041
4/23/2019,8603,22059,20133
4/24/2019,12769,21348,20101
4/25/2019,12853,20430,19788
4/26/2019,13157,20221,19841
4/27/2019,15632,23771,22721
4/28/2019,16616,24670,22927
4/29/2019,13661,19201,18682
4/30/2019,13495,18911,19450
5/1/2019,13552,19823,20285
5/2/2019,13162,18591,21222
5/3/2019,13741,18058,21712
5/4/2019,16435,20674,24549
5/5/2019,17509,21668,26286
5/6/2019,14599,17213,20830
5/7/2019,13862,16624,21470
5/8/2019,13578,16296,22019
5/9/2019,13335,15242,21157
5/10/2019,13727,34272,21459
5/11/2019,16166,33300,24580
5/12/2019,16731,32133,25374
5/13/2019,13693,25895,21408
5/14/2019,14108,23970,20945
5/15/2019,13650,22646,20094
5/16/2019,13069,20978,20007
5/17/2019,13334,19181,19956
5/18/2019,15558,20866,22715
5/19/2019,16906,21874,24710
5/20/2019,13840,17457,32511
5/21/2019,13264,16246,28226
5/22/2019,13160,15622,26464
5/23/2019,13011,15008,26037
5/24/2019,14518,15240,25999
5/25/2019,17627,16663,29337
5/26/2019,18668,17213,30823
5/27/2019,18486,15913,30182
5/28/2019,16061,13346,26240
5/29/2019,15588,12034,24478
5/30/2019,16324,12324,24331
5/31/2019,16100,11933,23726
6/1/2019,19255,13156,26422
6/2/2019,20642,13934,28634
6/3/2019,17346,11225,23961
6/4/2019,16268,10745,22939
6/5/2019,15860,10065,22653
6/6/2019,15446,10352,22148
6/7/2019,15789,114336,22117
6/8/2019,18411,104281,25390
6/9/2019,19633,110242,28580
6/10/2019,16862,93557,25814
6/11/2019,15395,87928,25345
6/12/2019,15279,86411,23984
6/13/2019,15388,85514,23884
6/14/2019,15699,82421,23638
6/15/2019,19306,90236,27235
6/16/2019,20085,95294,29049
6/17/2019,17165,82472,25989
6/18/2019,16926,76077,24110
6/19/2019,16653,72843,23076
6/20/2019,16581,71957,22972
6/21/2019,16260,67084,21807
6/22/2019,19946,74617,24056
6/23/2019,21341,78950,25343
6/24/2019,18638,67103,21267
6/25/2019,17924,61766,19768
6/26/2019,17365,58087,19039
6/27/2019,17650,56487,19292
6/28/2019,35077,52398,19158
6/29/2019,39311,57706,21297
6/30/2019,41200,62651,23297
7/1/2019,35597,53702,20926
7/2/2019,33878,50077,21028
7/3/2019,33128,48845,20596
7/4/2019,37712,51196,22311
7/5/2019,34301,47862,21669
7/6/2019,37069,49820,23052
7/7/2019,39001,52863,24681
7/8/2019,33271,45101,21403
7/9/2019,30792,42024,21336
7/10/2019,30170,40691,19928
7/11/2019,29402,39788,19482
7/12/2019,29461,38592,19443
7/13/2019,34804,42950,21425
7/14/2019,37475,45684,22730
7/15/2019,31935,38739,20017
7/16/2019,32194,37157,18822
7/17/2019,31590,35027,18365
7/18/2019,29025,33306,18004
7/19/2019,28555,32246,17614
7/20/2019,33178,35238,19408
7/21/2019,35033,37507,20883
7/22/2019,29713,31309,17570
7/23/2019,27814,29557,16799
7/24/2019,28009,27666,17094
7/25/2019,26553,26189,16767
7/26/2019,25315,25482,17404
7/27/2019,28957,28693,20281
7/28/2019,30660,30426,21870
7/29/2019,25831,25831,19664
7/30/2019,28236,24882,19704
7/31/2019,27778,23729,18664
8/1/2019,25836,22475,18175
8/2/2019,24770,21764,18062
8/3/2019,28614,23955,19959
8/4/2019,30439,25553,21359
8/5/2019,25692,21930,18418
8/6/2019,24627,20247,17752
8/7/2019,24695,19729,17362
8/8/2019,24503,18216,18120
8/9/2019,23500,17675,18077
8/10/2019,26928,19875,20460
8/11/2019,28778,20713,21606
8/12/2019,24653,17478,23212
8/13/2019,23257,16508,19530
8/14/2019,23413,13910,15709
8/15/2019,20621,15064,17060
8/16/2019,21145,14563,16628
8/17/2019,24425,16245,18993
8/18/2019,25965,16916,20180
8/19/2019,21827,13966,17049
8/20/2019,20270,13174,15935
8/21/2019,20808,12698,15367
8/22/2019,19343,12295,15315
8/23/2019,18899,11652,15477
8/24/2019,21618,12844,17027
8/25/2019,23039,13412,18093
8/26/2019,19619,11151,14909
8/27/2019,18098,10111,14723
8/28/2019,18511,9648,17034
8/29/2019,17763,9129,17834
8/30/2019,17962,8983,18795
8/31/2019,20506,10009,21594
9/1/2019,21417,10702,23595
9/2/2019,21736,10084,21681
9/3/2019,18720,8336,19047
9/4/2019,18111,7900,17651
9/5/2019,16638,7851,18160
9/6/2019,16246,74930,17813
9/7/2019,18746,72030,20101
9/8/2019,19779,74100,21421
9/9/2019,16683,61131,17507
9/10/2019,15391,56434,16519
9/11/2019,16076,52600,15716
9/12/2019,14876,51651,15416
9/13/2019,14013,47365,15389
9/14/2019,16089,51849,17361
9/15/2019,17714,53906,18294
9/16/2019,14545,44951,15310
9/17/2019,13980,41917,14797
9/18/2019,14677,40695,14388
9/19/2019,13547,38957,14327
9/20/2019,12996,38668,14424
9/21/2019,15375,42250,16394
9/22/2019,16738,44273,17201
9/23/2019,13869,37247,14387
9/24/2019,13479,34639,14187
9/25/2019,13898,33381,13728
9/26/2019,13128,32134,13530
9/27/2019,12360,31651,13688
9/28/2019,14549,35839,15520
9/29/2019,15280,36977,16386
9/30/2019,12788,30701,13739
10/1/2019,12702,28742,13294
10/2/2019,13095,27119,13602
10/3/2019,12478,27180,15073
10/4/2019,11982,26877,15207
10/5/2019,14369,30080,17594
10/6/2019,15259,31720,19093
10/7/2019,12772,26718,16971
10/8/2019,12309,25731,17315
10/9/2019,12870,24618,16718
10/10/2019,11835,23814,15695
10/11/2019,12038,24046,15603
10/12/2019,14238,26997,17519
10/13/2019,15202,27885,18347
10/14/2019,12596,24111,16040
10/15/2019,12221,21739,14505
10/16/2019,12666,20889,13837
10/17/2019,11897,20250,13885
10/18/2019,12156,20145,13887
10/19/2019,14877,22139,15928
10/20/2019,15801,23104,16874
10/21/2019,13278,19118,19394
10/22/2019,12620,18177,15890
10/23/2019,13112,17298,14938
10/24/2019,12438,16116,16248
10/25/2019,12060,15868,15804
10/26/2019,14509,17645,19195
10/27/2019,15856,18380,19070
10/28/2019,13886,15085,15589
10/29/2019,14716,13819,14648
10/30/2019,17111,13560,14747
10/31/2019,17364,13033,14222
11/1/2019,16254,13350,14681
11/2/2019,18914,16430,16826
11/3/2019,19956,18099,17608
11/4/2019,17202,15363,14595
11/5/2019,16010,14744,13749
11/6/2019,16745,14295,14300
11/7/2019,15457,14045,16775
11/8/2019,15408,14821,17793
11/9/2019,17989,17437,20903
11/10/2019,18327,18186,21602
11/11/2019,16103,15922,18662
11/12/2019,15271,14316,16649
11/13/2019,15265,13968,14926
11/14/2019,15797,13506,15147
11/15/2019,15213,14899,14728
11/16/2019,17073,21497,16703
11/17/2019,17498,24887,17469
11/18/2019,15151,21415,14952
11/19/2019,14034,20924,14244
11/20/2019,14796,20869,14108
11/21/2019,13814,20186,13653
11/22/2019,13604,19509,13825
11/23/2019,15731,22399,15748
11/24/2019,16280,23656,16778
11/25/2019,14048,19073,15066
11/26/2019,13230,17557,14877
11/27/2019,13734,17455,15200
11/28/2019,12580,16616,15375
11/29/2019,13374,17207,16118
11/30/2019,14525,18956,17636
12/1/2019,15424,19484,19228
12/2/2019,13488,15676,16191
12/3/2019,12377,14715,15922
12/4/2019,11718,14319,15580
12/5/2019,11599,13789,15033
